<?xml version="1.0" encoding="utf-8"?>
<odoo>
       <record id="module_cmk_category" model="ir.module.category">
              <field name="name">CMK</field>
       </record>

       <!-- CMK User Group -->
       <record id="cmk_group_user" model="res.groups">
              <field name="name">User</field>
              <field name="category_id" ref="module_cmk_category"/>
              <field name="implied_ids" eval="[(4, ref('base.group_user'))]"/>
       </record>

       <!-- CMK Manager Group -->
       <record id="cmk_group_manager" model="res.groups">
              <field name="name">Manager</field>
              <field name="category_id" ref="module_cmk_category"/>
              <field name="implied_ids" eval="[(4, ref('cmk_group_user'))]"/>
              <field name="users" eval="[(4, ref('base.user_root')),
                  (4, ref('base.user_admin'))]"/>
       </record>
</odoo>