id,name,model_id:id,group_id:id,perm_read,perm_write,perm_create,perm_unlink
access_cmk_patient,access.cmk.patient,model_cmk_patient,,1,1,1,1
access_cmk_traitement,access.cmk.traitement,model_cmk_traitement,,1,1,1,1
access_cmk_pathologie,access.cmk.pathologie,model_cmk_pathologie,,1,1,1,1
access_cmk_traitementsuspendu,access.cmk.traitementsuspendu,model_cmk_traitementsuspendu,,1,1,1,1
access_cmk_planning,access.cmk.planning,model_cmk_planning,,1,1,1,1
access_cmk_dispo,access.cmk.dispo,model_cmk_dispo,,1,1,1,1